dataset,method,split,r2,seconds,n_new,recovered,fdr,formulas,error
concrete,autofeat,0,0.8682396394456623,30.19884996500332,58.0,,,"['x004**5', 'x001**2/x000', 'x003**3*x004', 'x000**2*x007', 'x003**3/x000', 'x000**2*x002', 'x000*x005**3', 'x001*x002**2', 'log(x007)/x006', 'log(x000)/x005', 'sqrt(x004)/x000', 'x000**3*x005**3', 'x004**2*x006**3', 'x003**3*x005**3', 'x001**2*log(x007)', 'sqrt(x000)*x003**3', 'sqrt(x001)*x003**3', 'sqrt(x004)*x005**3', 'x005**3*sqrt(x007)', 'sqrt(x002)*x003**3', 'sqrt(x000)*log(x007)', 'x005/x003', 'x000/x007', 'x006**3*x007', 'x000**3*x001', 'x001**2/x007', 'x006*log(x007)', 'x001*sqrt(x007)', 'x003**2*x006**2', 'x000**2*x003**2', 'x001*sqrt(x004)', 'x003**3*log(x007)', 'sqrt(x001)*sqrt(x002)', 'sqrt(x002)*sqrt(x007)', 'x002**3', 'x002**3*x004', 'x003**3/x007', 'x001*x007**2', 'x007**2/x000', 'x001**3*x007**3', 'x001**3*x004**3', 'sqrt(x001)/x000', 'x002**3*x004**3', 'x006**3*log(x007)', 'x004**3*log(x007)', 'sqrt(x001)*x004**2', 'sqrt(x002)*x004**3', 'x007/x000', 'x005**2/x000', 'x001**2*x007', 'x005**2*x006', 'x005**2*x006**3', 'x004**3*x007**3', 'x001**3*sqrt(x004)', 'sqrt(x004)*x007**3', 'x004**2/x007', '1/(x000*x007)', 'log(x007)/x000']",
concrete,autofeat,1,0.8509078742428067,25.122753873001784,31.0,,,"['x000**3*x005**3', 'sqrt(x001)*x006**3', 'sqrt(x004)*x005**3', 'sqrt(x001)*log(x007)', 'x000/x007', 'x004**3/x000', 'x001**2/x000', 'x003**3*x004', 'x000**3*x001**2', 'x003**2*x006**3', 'sqrt(x004)/x000', 'sqrt(x000)*x003**3', 'sqrt(x001)*x003**3', 'x000**3*sqrt(x004)', 'x005**3*sqrt(x007)', 'log(x003)*log(x006)', 'x001**3*x004', 'x000**2*x007', 'x003**2*x005**3', 'sqrt(x000)/x003', 'sqrt(x004)*x007**3', 'log(x005)*log(x006)', 'x003**3/x007', 'x001**2/x007', '1/(x000*x007)', 'x000*sqrt(x001)', 'sqrt(x004)*log(x007)', 'sqrt(x002)*sqrt(x007)', 'sqrt(x001)*sqrt(x004)', 'x002**2*x004', 'sqrt(x000)*log(x007)']",
concrete,autofeat,2,0.8917031425303146,24.021675827971194,45.0,,,"['x000/x007', 'x006*log(x007)', 'x000**2*x002**3', 'x000**3*x005**3', 'x003**2*x006**3', 'x001**3*sqrt(x004)', 'sqrt(x004)*x005**3', 'sqrt(x001)*log(x007)', 'log(x000)/x005', 'sqrt(x000)/x003', 'x000**3*log(x007)', 'x005**3*log(x007)', 'x004**3/x000', 'x000**3*x002', 'x000**3*x001', 'x001*x002**2', 'x003**3*x004', 'x000**2*x007', 'x003**3/x007', 'sqrt(x004)/x000', 'x001**3*x002**3', 'x000**3*x006**2', 'x000*sqrt(x002)', 'x003**2*x005**3', 'x003**3*log(x007)', 'sqrt(x004)*log(x007)', 'sqrt(x002)*sqrt(x007)', 'x000*x006**3', 'x005**2*x006', 'x000**3/x007', 'x000**3*x003**3', 'x001**3*x006**3', 'sqrt(x001)*x007', 'x000**2*x004**2', 'x001**3*log(x007)', 'log(x003)*log(x006)', 'x007**3', 'x002*x004', 'x006**3*x007', 'x004**2*x007', 'x006**3/x007', 'x001**2*x003**3', 'x001**3*x007**2', 'sqrt(x001)/x000', 'sqrt(x000)*x003**3']",
concrete,autofeat,3,0.9127247613726819,32.34721640101634,55.0,,,"['x000/x007', 'x006*log(x007)', 'x000**3*x005**3', 'x000*sqrt(x004)', 'x000**3*log(x007)', 'sqrt(x001)*log(x007)', 'sqrt(x005)*log(x000)', 'x000**3*x001', 'x000**3*x002**3', 'x000*sqrt(x002)', 'x005**3*log(x007)', 'sqrt(x004)*x005**3', 'x004**5', 'x004/x007', 'x000**2*x007', 'x007**2/x000', 'x003**3/x000', 'x006**3/x007', 'x001*x002**2', 'x000**3/x007', 'log(x007)/x006', 'log(x007)/x000', 'x000**3*x006**3', 'x000**3*x003**3', 'x001**3*x004**3', 'x003**3*x005**3', 'x001*sqrt(x004)', 'x003**3*x006**3', 'x001**2*log(x007)', 'x003**3*log(x007)', 'sqrt(x000)*x003**3', 'sqrt(x001)*x003**3', 'sqrt(x001)*x006**3', 'sqrt(x001)*x004**2', 'x003**3*sqrt(x004)', 'x003/x005', 'x001*x007**2', 'x004**2*x007', 'x005**2/x000', 'x000*x001**2', 'x006**3*x007', 'x005**3*x006**3', 'sqrt(x002)/x007', 'x004**3*x007**3', 'x002**3*x003**3', 'x002**2*x007**3', 'sqrt(x004)/x000', 'x002**2*log(x007)', 'x000**3*sqrt(x004)', 'sqrt(x002)*sqrt(x007)', 'x001*x007', 'x003**3/x007', 'x004*x007**3', 'x001**3/x007', '1/(x000*x007)']",
concrete,autofeat,4,0.8887944499928195,30.778198031010106,55.0,,,"['x000/x007', 'x006*log(x007)', 'x000**3*x005**3', 'x003**2*x005**3', 'sqrt(x004)*x005**3', 'sqrt(x002)*x004**3', 'x003**2*x006**3', 'sqrt(x001)*x006**3', 'sqrt(x002)*x007', 'sqrt(x004)/x000', 'x001*sqrt(x004)', 'x000**2*x002**3', 'x000**3*x007**2', 'x000**3*log(x007)', 'sqrt(x001)*x003**3', 'sqrt(x001)*log(x007)', 'sqrt(x005)*log(x000)', 'x004**5', 'x007**3', 'x001/x007', 'x006**3*x007', 'x003**3*x004', 'x003**3/x000', 'x003**3/x007', 'x006**3/x007', 'x001*x002**2', 'x000**3/x007', 'x004**3/x000', 'x005**3/x000', 'x001**3*x004', 'log(x007)/x006', 'x001**3*x002**3', 'sqrt(x007)/x000', 'x000**3*x003**3', 'x000*sqrt(x002)', 'x001**2*x007**3', 'x002**3*x004**3', 'sqrt(x004)*x007', 'x000**3*x001**2', 'x003**3*log(x007)', 'sqrt(x000)*x003**3', 'x000**3*sqrt(x004)', 'x005**3*sqrt(x007)', 'sqrt(x001)*x004**2', 'sqrt(x002)*x003**3', 'log(x003)*log(x006)', 'x005/x003', 'x002*x007**3', 'x001**3*x006**3', 'x001**3*x004**3', 'x005**3*x006**2', 'sqrt(x000)/x003', 'x001**2*log(x007)', 'sqrt(x001)*x007**2', 'sqrt(x004)*log(x007)']",
wine_red,autofeat,0,0.35540177482513313,38.44757259101607,14.0,,,"['x006*x009', 'x001**2/x006', '1/(x000*x010)', 'exp(x009)/x009', 'sqrt(x009)*x010**2', 'log(x001)/x006', 'x003**3*x006**3', 'log(x009)/x006', 'log(x001)/x004', 'x010/x008', 'exp(x008)/x009', 'x009**2*log(x007)', 'sqrt(x002)*x006', 'x000**3*x010**3']",
wine_red,autofeat,1,0.4282781415613869,36.94797700399067,16.0,,,"['x008/x010', 'x004*x006', 'x001**2/x006', 'exp(x009)/x009', 'log(x001)/x004', 'sqrt(x009)*x010**2', 'x006*x009', 'log(x009)/x005', 'x009*log(x001)', 'exp(x008)/x009', 'x000**3*x006', '1/(x000*x010)', 'log(x001)/x006', 'x003**3*x006**3', 'x000**3*x004**2', 'x000**3*x001**2']",
wine_red,autofeat,2,0.4031345436524244,36.55188582796836,9.0,,,"['x010/x008', 'x009*x010**3', 'exp(x009)/x009', 'x005/x006', 'log(x001)/x004', 'x006*x009', 'x001**2/x006', 'x004*x006', 'x001*exp(x002)']",
wine_red,autofeat,3,0.42253618968802553,37.81042811903171,14.0,,,"['x010/x008', 'x006*x009', 'exp(x009)/x009', 'x005/x006', 'x001**2/x006', 'x009*x010**3', 'log(x009)/x005', 'log(x001)/x006', 'log(x001)/x004', 'x000/x004', 'x001/x003', 'x000**3*x006', 'sqrt(x001)/x010', 'sqrt(x004)*sqrt(x006)']",
wine_red,autofeat,4,0.37317776746619824,40.90814324095845,14.0,,,"['x010/x008', 'x001**2/x006', 'exp(x009)/x009', 'x005/x006', 'x009*x010**3', 'x004*x006', 'x000**3*x006', 'sqrt(x001)/x010', '1/(x000*x010)', 'x001*exp(x002)', 'log(x001)/x006', 'x006**5', 'log(x007)/x004', 'x000**3*x004**2']",
boston,autofeat,0,0.7366762779113019,57.29292738001095,38.0,,,"['x005**2/x010', 'x005**3/x009', 'x005**3*x011', 'log(x004)/x007', 'log(x007)/x007', 'x008**3*exp(x005)', 'exp(x005)*log(x000)', 'x012**5', 'x009**3/x012', '1/(x007*x012)', 'x003*x008', 'x006**2/x008', 'x008**2/x000', 'x002**2/x012', 'x009**3/x008', '1/(x004*x005)', 'sqrt(x000)*x012', 'x004**3*log(x007)', 'exp(x005)*log(x004)', 'sqrt(x010)*log(x005)', 'x001*x012', 'x010**3/x002', 'x009**3/x002', 'x003*x007**3', 'x004**3/x008', '1/(x007*x009)', '1/(x000*x007)', '1/(x000*x012)', 'log(x002)/x009', 'x003*exp(x005)', 'x002**3*x012**2', 'sqrt(x002)/x012', 'x005**3*x006**2', 'x002**2*exp(x005)', 'x005**3*log(x007)', 'sqrt(x001)*x009**3', 'exp(x005)*log(x002)', 'log(x004)*log(x008)']",
boston,autofeat,1,0.8948971807606059,41.092474065953866,33.0,,,"['x005**3/x009', 'log(x004)/x007', 'x008**3*exp(x005)', 'x000*x011**3', 'x005**2/x010', 'exp(x005)/x009', 'sqrt(x000)*x004**3', 'x009**2/x012', 'x008**3/x012', 'x006**2/x008', 'x000**2/x011', 'x000**3*x003', 'x002**3*x012', 'log(x007)/x007', 'x007**2*x012**3', 'x012**2*exp(x005)', 'x012**2*log(x007)', 'x005**3*sqrt(x011)', 'x007/x006', 'x000**3*x011', 'x010**3/x009', 'x004*x005**3', 'x006**3/x009', 'x004**3*x011', '1/(x002*x007)', 'log(x011)/x010', 'log(x012)/x007', 'exp(x005)/x000', 'x005**3*x006**2', 'x002**2*exp(x005)', 'x004**3*log(x007)', 'x002**2*log(x007)', 'x010**3*sqrt(x012)']",
boston,autofeat,2,0.8721635085242246,41.06294551503379,30.0,,,"['x005**2/x010', 'x005**3/x009', '1/(x007*x012)', 'log(x004)/x007', 'x000**3*x003', 'x006**2/x008', 'sqrt(x011)/x010', 'x006**3*x011**3', 'x012**3*exp(x005)', 'sqrt(x000)*x004**3', 'exp(x005)*log(x007)', 'x003*x004**3', 'x009**2/x012', '1/(x002*x007)', 'x008**3*exp(x005)', 'exp(x005)*log(x000)', 'x002**2/x000', 'x009**3/x008', 'x003*exp(x005)', 'x009**3*x012**2', 'x004/x005', 'x009/x002', 'x003/x007', 'x001*x009**3', 'x004**3*x007', 'sqrt(x009)/x005', 'x002**3*x012**2', 'x002**2*exp(x005)', 'x012**2*log(x004)', 'x010**2*sqrt(x012)']",
boston,autofeat,3,0.8987147047852616,46.705002128961496,31.0,,,"['x005**2/x010', 'x005**3/x009', '1/(x007*x012)', 'sqrt(x000)*x012', 'log(x004)/x007', 'x008**3*exp(x005)', 'x012**2*exp(x005)', 'exp(x005)*log(x007)', 'exp(x005)*log(x000)', 'x006**2/x008', 'x009**3*x012', 'x009**3/x012', '1/(x002*x007)', 'log(x007)/x007', 'x006**3*x011**3', 'x006/x012', 'x001/x002', 'x008**2/x000', 'x001**3/x000', 'x011*x012**2', 'x002**2*x012', 'sqrt(x000)/x006', 'x004**3*x012**3', 'x007**2*log(x002)', 'x005**3*log(x007)', 'x004**3*log(x007)', 'x012**2*log(x007)', 'x002**2*log(x007)', 'sqrt(x011)*exp(x004)', 'sqrt(x011)*log(x008)', 'sqrt(x008)*log(x004)']",
boston,autofeat,4,0.9084173892604224,42.861843050981406,27.0,,,"['x000**3*x003', 'x005**3/x009', 'log(x004)/x007', 'x008/x012', 'x008**2/x000', 'sqrt(x000)*x012', 'exp(x005)*log(x000)', 'x005**2/x010', 'x004**3*x011', 'x005**3*x011', 'log(x011)/x010', 'x006**3*x011**3', 'x008**3*exp(x005)', 'x012**5', 'x003/x007', 'x005**2*x012', '1/(x002*x007)', 'log(x007)/x007', 'exp(x005)/x009', 'exp(x005)*log(x007)', 'x006/x008', 'x003*x004**3', 'x002**3/x012', 'x002**3*x012', 'x011**2*x012**2', 'x012**2*log(x007)', 'x002**2*log(x007)']",
diabetes,autofeat,0,0.33964428200408736,25.72802010399755,10.0,,,"['exp(x002)*exp(x008)', 'exp(x002)*exp(x003)', 'x000**3*x001', 'Abs(x008)/x008', 'x001/x007', 'Abs(x000)*Abs(x003)', 'x000*x009', 'x003/x002', 'x004**3/x003', 'Abs(x002)/x002']",
diabetes,autofeat,1,0.257258518340415,27.94068260595668,15.0,,,"['x002*x003', 'x001/x006', 'Abs(x008)/x008', 'exp(x002)*exp(x008)', 'x001/x007', 'Abs(x002)/x002', 'x002/x007', 'x000**3*x001', 'x003**2/x009', 'x003**3', 'x001*x005**3', 'exp(x003)*exp(x008)', 'Abs(x002)/x000', 'x006*Abs(x009)', 'x003*Abs(x002)']",
diabetes,autofeat,2,-2.9135050699042497,25.294387796951924,16.0,,,"['Abs(x008)/x008', 'exp(x002)*exp(x008)', 'x000**3*x001', 'exp(x002)*exp(x003)', 'x003/x002', 'x002*x003', 'x001/x006', 'x002*Abs(x003)', 'x000**3/x009', 'x002**3/x008', '1/(x000*x007)', 'Abs(x002)/x002', 'Abs(x006)/x000', 'x001*Abs(x003)', 'x003**3*Abs(x008)', 'exp(x003)*exp(x008)']",
diabetes,autofeat,3,0.46288180249049105,24.27354457101319,11.0,,,"['x000**3*x001', 'Abs(x008)/x008', 'exp(x002)*exp(x008)', 'exp(x002)*exp(x003)', 'x005*x008**3', 'x003/x002', 'x006*x009**2', 'Abs(x000)/x000', 'x007/x009', 'x001*Abs(x009)', 'exp(x005)*exp(x006)']",
diabetes,autofeat,4,0.4857480653887998,31.287558697978966,5.0,,,"['x000**3*x001', 'Abs(x008)/x008', 'exp(x002)*exp(x008)', 'exp(x002)*exp(x003)', 'x006*x009**2']",
concrete,ridge_raw,0,0.6239695336241504,0.0025596500490792096,,,,,
concrete,rf_raw,0,0.9019075763614343,0.2718893940327689,,,,,
concrete,lgbm_raw,0,0.92396299275649,0.7122746540117078,,,,,
concrete,featuretools,0,0.7429831029535641,0.43773992598289624,84.0,,,,
concrete,openfe,0,0.8136534700090594,5.2159419219824485,20.0,,,,
concrete,beamfeat,0,0.8524423298414158,0.7592414320097305,21.0,,True,"['((x0 / x3) * log(x7))', '((x0 + x1) * log(x7))', '((x0 / x3) + log(x7))', '((x3 / x0) / sqrt(x7))', '((x0 + x7) / (x3 * x5))', '((x0 + x7) + (x1 - x3))', '(1/(x7) - (x0 / x3))', '((x0 + x2) + (x1 - x3))', '((x3 / x0) + 1/(x7))', '((x3 * x6) * (x5 - x7))', '((x0 + x7) / (x3 * x6))', '((x3 - x7) / (x0 + x7))', '((x0 / x3) / (x1 - x5))', '(log(x7) / (x3 - x4))', '(log(x7) * (x0 - x7))', '((x3 * x6) / (x0 + x7))', '(log(x7) + sqrt(x4))', '((x0 + x1) * sqrt(x7))', '(sqrt(x7) * (x0 - x7))', '((x0 + x1) / (x3 * x6))', '(log(x7) * (x0 - x2))']",
concrete,beamfeat_ridge,0,0.8501020554230736,0.8291159159853123,21.0,,True,"['((x0 / x3) * log(x7))', '((x0 + x1) * log(x7))', '((x0 / x3) + log(x7))', '((x3 / x0) / sqrt(x7))', '((x0 + x7) / (x3 * x5))', '((x0 + x7) + (x1 - x3))', '(1/(x7) - (x0 / x3))', '((x0 + x2) + (x1 - x3))', '((x3 / x0) + 1/(x7))', '((x3 * x6) * (x5 - x7))', '((x0 + x7) / (x3 * x6))', '((x3 - x7) / (x0 + x7))', '((x0 / x3) / (x1 - x5))', '(log(x7) / (x3 - x4))', '(log(x7) * (x0 - x7))', '((x3 * x6) / (x0 + x7))', '(log(x7) + sqrt(x4))', '((x0 + x1) * sqrt(x7))', '(sqrt(x7) * (x0 - x7))', '((x0 + x1) / (x3 * x6))', '(log(x7) * (x0 - x2))']",
concrete,ridge_raw,1,0.5552309722598617,0.0037339209811761975,,,,,
concrete,rf_raw,1,0.899899492077239,0.38981954695191234,,,,,
concrete,lgbm_raw,1,0.9311964730233024,0.7107198640005663,,,,,
concrete,featuretools,1,0.8186962638981596,0.30370777199277654,84.0,,,,
concrete,openfe,1,0.7422341847749483,4.218788233003579,20.0,,,,
concrete,beamfeat,1,0.8017130601179797,0.652781396987848,13.0,,True,"['((x0 / x3) * log(x7))', '((x0 / x3) + log(x7))', '(1/(x7) - (x0 / x5))', '(log(x7) / (x3 - x4))', '((x0 / x3) * sqrt(x7))', '((x3 * x5) / (x0 + x7))', '((x0 / x7) - (x0 + x1))', '((x0 + x7) - (x0 / x7))', '((x0 + x2) + (x1 - x3))', '(1/(x7) - (x0 / x3))', '((x0 + x1) / (x3 - x4))', '((x0 - x6) * (x3 - x7))', '(sqrt(x4) + sqrt(x7))']",
concrete,beamfeat_ridge,1,0.800340464384979,0.7271070300485007,13.0,,True,"['((x0 / x3) * log(x7))', '((x0 / x3) + log(x7))', '(1/(x7) - (x0 / x5))', '(log(x7) / (x3 - x4))', '((x0 / x3) * sqrt(x7))', '((x3 * x5) / (x0 + x7))', '((x0 / x7) - (x0 + x1))', '((x0 + x7) - (x0 / x7))', '((x0 + x2) + (x1 - x3))', '(1/(x7) - (x0 / x3))', '((x0 + x1) / (x3 - x4))', '((x0 - x6) * (x3 - x7))', '(sqrt(x4) + sqrt(x7))']",
concrete,ridge_raw,2,0.5814978157971202,0.003491040028166026,,,,,
concrete,rf_raw,2,0.9131096082829304,0.37611073802690953,,,,,
concrete,lgbm_raw,2,0.931967704075691,0.6593437209958211,,,,,
concrete,featuretools,2,0.8413775500259442,0.34428383701015264,84.0,,,,
concrete,openfe,2,0.808869184004828,4.349387223017402,20.0,,,,
concrete,beamfeat,2,0.8493414868120931,0.6940429590176791,20.0,,True,"['((x0 / x3) * log(x7))', '((x0 + x1) - (x6 / x7))', '((x0 + x1) * log(x7))', '((x0 / x3) + log(x7))', '((x6 / x7) - x0)', '((x0 + x2) + (x1 - x3))', '((x3 * x5) / (x0 + x7))', '((x0 / x3) / (x1 - x6))', '(log(x7) / (x0 - x5))', '((x0 + x1) + (x0 + x2))', '((x0 - x6) / sqrt(x7))', '((x0 / x3) * sqrt(x7))', '((x0 / x7) - x0)', '((x0 + x1) * (x0 / x3))', '(log(x7) * (x0)^2)', '(log(x7) / x3)', '((x0 / x3) / (x0 + x6))', '((x0 + x6) / (x3 * x6))', '((x5 * x6) / (x0 + x7))', '(log(x7) / (x2 + x3))']",
concrete,beamfeat_ridge,2,0.8483345162528382,0.7842336670146324,20.0,,True,"['((x0 / x3) * log(x7))', '((x0 + x1) - (x6 / x7))', '((x0 + x1) * log(x7))', '((x0 / x3) + log(x7))', '((x6 / x7) - x0)', '((x0 + x2) + (x1 - x3))', '((x3 * x5) / (x0 + x7))', '((x0 / x3) / (x1 - x6))', '(log(x7) / (x0 - x5))', '((x0 + x1) + (x0 + x2))', '((x0 - x6) / sqrt(x7))', '((x0 / x3) * sqrt(x7))', '((x0 / x7) - x0)', '((x0 + x1) * (x0 / x3))', '(log(x7) * (x0)^2)', '(log(x7) / x3)', '((x0 / x3) / (x0 + x6))', '((x0 + x6) / (x3 * x6))', '((x5 * x6) / (x0 + x7))', '(log(x7) / (x2 + x3))']",
concrete,ridge_raw,3,0.5817371615378923,0.0034442750038579106,,,,,
concrete,rf_raw,3,0.9212955966535528,0.33846969599835575,,,,,
concrete,lgbm_raw,3,0.9360666021730311,0.6914472099742852,,,,,
concrete,featuretools,3,0.8707503089537072,0.16407489497214556,84.0,,,,
concrete,openfe,3,0.6079583465976588,5.210748922021594,20.0,,,,
concrete,beamfeat,3,0.8646636133611928,0.7437854729942046,18.0,,True,"['((x0 / x3) * log(x7))', '((x0 / x3) + log(x7))', '((x0 + x1) * log(x7))', '((x3 / x0) / sqrt(x7))', '(log(x7) - (x6 / x0))', '((x0 + x2) + (x1 - x3))', '((x3 - x7) / (x0 + x1))', '((x3 * x6) * (x5 - x7))', '((x3 - x4) / (x0 + x1))', '((x0 / x3) * sqrt(x7))', '((x3 - x7) / (x0 + x7))', '((x1 - x6) / (x0 + x7))', '(log(x7) / (x3 - x4))', '((x3 / x0) * (x1 - x6))', '((x0 + x1) * sqrt(x7))', '((x0 + x7) + (x1 + x7))', '((x3 - x4) * (x6 - x7))', '(log(x7) * (x0 - x2))']",
concrete,beamfeat_ridge,3,0.8705324471454254,0.6787502850056626,18.0,,True,"['((x0 / x3) * log(x7))', '((x0 / x3) + log(x7))', '((x0 + x1) * log(x7))', '((x3 / x0) / sqrt(x7))', '(log(x7) - (x6 / x0))', '((x0 + x2) + (x1 - x3))', '((x3 - x7) / (x0 + x1))', '((x3 * x6) * (x5 - x7))', '((x3 - x4) / (x0 + x1))', '((x0 / x3) * sqrt(x7))', '((x3 - x7) / (x0 + x7))', '((x1 - x6) / (x0 + x7))', '(log(x7) / (x3 - x4))', '((x3 / x0) * (x1 - x6))', '((x0 + x1) * sqrt(x7))', '((x0 + x7) + (x1 + x7))', '((x3 - x4) * (x6 - x7))', '(log(x7) * (x0 - x2))']",
concrete,ridge_raw,4,0.5709802628164242,0.0030789650045335293,,,,,
concrete,rf_raw,4,0.9168123580445284,0.3565415930352174,,,,,
concrete,lgbm_raw,4,0.9369242552071443,0.6600400219904259,,,,,
concrete,featuretools,4,0.8158402184307799,0.16432314703706652,84.0,,,,
concrete,openfe,4,0.7974658880854573,4.312454350001644,20.0,,,,
concrete,beamfeat,4,0.8546826165328816,0.7822783559677191,27.0,,True,"['((x0 / x3) * log(x7))', '((x0 + x1) * log(x7))', '(1/(x7) - (x0 / x5))', '((x0 / x5) * log(x7))', '(log(x7) / (x0 - x5))', '((x0 + x2) + (x1 + x7))', '(log(x7) * (x0 * x5))', '((x0 + x1) - (x0 / x7))', '((x0 / x3) * sqrt(x7))', '(log(x7) / (x3 - x4))', '((x0 + x7) + (x4 * x7))', '((x0 - x5) / sqrt(x7))', '((x0 / x7) - x0)', '((x3 * x6) * (x5 - x7))', '(1/(x7) - (x0 / x3))', '((x0 + x7) / (x3 * x6))', '((x0 + x1) * (x0 + x7))', '(log(x7) + sqrt(x4))', '((x0 / x3) / (x1 - x5))', '((x3 * x6) * (x0 - x5))', '((x0 + x1) * sqrt(x7))', '((x3 - x7) / (x0 + x1))', '((x0 + x7) + (x4)^2)', '((x0 + x1) * (x0 + x2))', '((x0 + x1) / (x5 - x7))', '((x3 - x4) / (x0 + x1))', '(log(x7) / (x2 + x3))']",
concrete,beamfeat_ridge,4,0.85450555290365,0.9057391099631786,27.0,,True,"['((x0 / x3) * log(x7))', '((x0 + x1) * log(x7))', '(1/(x7) - (x0 / x5))', '((x0 / x5) * log(x7))', '(log(x7) / (x0 - x5))', '((x0 + x2) + (x1 + x7))', '(log(x7) * (x0 * x5))', '((x0 + x1) - (x0 / x7))', '((x0 / x3) * sqrt(x7))', '(log(x7) / (x3 - x4))', '((x0 + x7) + (x4 * x7))', '((x0 - x5) / sqrt(x7))', '((x0 / x7) - x0)', '((x3 * x6) * (x5 - x7))', '(1/(x7) - (x0 / x3))', '((x0 + x7) / (x3 * x6))', '((x0 + x1) * (x0 + x7))', '(log(x7) + sqrt(x4))', '((x0 / x3) / (x1 - x5))', '((x3 * x6) * (x0 - x5))', '((x0 + x1) * sqrt(x7))', '((x3 - x7) / (x0 + x1))', '((x0 + x7) + (x4)^2)', '((x0 + x1) * (x0 + x2))', '((x0 + x1) / (x5 - x7))', '((x3 - x4) / (x0 + x1))', '(log(x7) / (x2 + x3))']",
wine_red,ridge_raw,0,0.35887415064674333,0.09288397000636905,,,,,
wine_red,rf_raw,0,0.44373567812416737,0.43997321103233844,,,,,
wine_red,lgbm_raw,0,0.3552008442824819,0.7353830389911309,,,,,
wine_red,featuretools,0,0.36278861633399373,0.7181426559691317,165.0,,,,
wine_red,openfe,0,0.37991637767208897,12.440644574002363,20.0,,,,
wine_red,beamfeat,0,0.35525737482166597,1.2832826480153017,15.0,,True,"['((x0 + x10) - (x0 * x1))', '((x1 / x10) / (x10 / x8))', '((x8 / x9) + (x1 - x10))', '((x0 + x10) * (x1 - x10))', '((x10 / x8) - (x1 * x9))', '((x10 / x1) + (x10 * x8))', '((x1 / x0) / (x10 * x8))', '((x1 + x10) * log(x1))', '((x1 * x8) / (x10 + x3))', '((x10 / x8) + (x2)^2)', '((x2 + x9) + (x10 / x8))', '((x1 + x8) / (x10 * x9))', '((x1 + x4) + (x4 - x9))', '((x1 - x9) / (x1 * x6))', '((x0 * x1) / (x10 * x9))']",
wine_red,beamfeat_ridge,0,0.35456870290926623,0.9573626760393381,15.0,,True,"['((x0 + x10) - (x0 * x1))', '((x1 / x10) / (x10 / x8))', '((x8 / x9) + (x1 - x10))', '((x0 + x10) * (x1 - x10))', '((x10 / x8) - (x1 * x9))', '((x10 / x1) + (x10 * x8))', '((x1 / x0) / (x10 * x8))', '((x1 + x10) * log(x1))', '((x1 * x8) / (x10 + x3))', '((x10 / x8) + (x2)^2)', '((x2 + x9) + (x10 / x8))', '((x1 + x8) / (x10 * x9))', '((x1 + x4) + (x4 - x9))', '((x1 - x9) / (x1 * x6))', '((x0 * x1) / (x10 * x9))']",
wine_red,ridge_raw,1,0.37092266160774556,0.0686367760063149,,,,,
wine_red,rf_raw,1,0.49371798314090876,0.38980544701917097,,,,,
wine_red,lgbm_raw,1,0.4456445416667214,0.7459587450139225,,,,,
wine_red,featuretools,1,0.4120367647712432,0.35309302498353645,165.0,,,,
wine_red,openfe,1,0.38848868102683165,12.024870629014913,20.0,,,,
wine_red,beamfeat,1,0.4099870327543935,0.9633790389634669,20.0,,True,"['((x1 / x9) + (x1 - x10))', '((x8 / x9) + (x1 - x10))', '((x10 / x8) - (x4 / x9))', '((x1 / x10) / (x10 * x9))', '((x10 / x8) + (x5 / x6))', '((x0 + x10) * (x1 - x10))', '((x8 - x9) / (x10 * x8))', '((x1 - x10) / (x8 - x9))', '((x0 / x4) * (x10 * x9))', '((x0 + x10) * (x1 - x8))', '((x1 - x10) * (x1 - x8))', '((x0 + x10) * (x10 * x9))', '((x10 / x8) + (x4 / x9))', '((x1 + x4) / (x10 + x3))', '((x10 / x1) * (x9 / x4))', '((x10 / x1) - (x6 / x10))', '((x2 + x9) * (x10 / x4))', '((x10 / x1) * (x3 - x10))', '((x10 + x3) * (x10 * x9))', '((x0 * x1) / (x10 * x9))']",
wine_red,beamfeat_ridge,1,0.41411768616547107,1.0757046589860693,20.0,,True,"['((x1 / x9) + (x1 - x10))', '((x8 / x9) + (x1 - x10))', '((x10 / x8) - (x4 / x9))', '((x1 / x10) / (x10 * x9))', '((x10 / x8) + (x5 / x6))', '((x0 + x10) * (x1 - x10))', '((x8 - x9) / (x10 * x8))', '((x1 - x10) / (x8 - x9))', '((x0 / x4) * (x10 * x9))', '((x0 + x10) * (x1 - x8))', '((x1 - x10) * (x1 - x8))', '((x0 + x10) * (x10 * x9))', '((x10 / x8) + (x4 / x9))', '((x1 + x4) / (x10 + x3))', '((x10 / x1) * (x9 / x4))', '((x10 / x1) - (x6 / x10))', '((x2 + x9) * (x10 / x4))', '((x10 / x1) * (x3 - x10))', '((x10 + x3) * (x10 * x9))', '((x0 * x1) / (x10 * x9))']",
wine_red,ridge_raw,2,0.3563481976081876,0.03224164800485596,,,,,
wine_red,rf_raw,2,0.5139050818452634,0.3730686819762923,,,,,
wine_red,lgbm_raw,2,0.4450597528854461,0.7475881479913369,,,,,
wine_red,featuretools,2,0.39809236032913353,0.2562420170288533,165.0,,,,
wine_red,openfe,2,0.37562377644098166,14.876927054021508,20.0,,,,
wine_red,beamfeat,2,0.3849900996016642,0.8430978190153837,12.0,,True,"['((x1 / x9) + (x1 - x10))', '((x10 / x8) - (x7 / x9))', '((x1 / x10) / (x1 + x10))', '((x1 * x3) + (x1 - x10))', '((x2 + x9) + (x10 / x8))', '((x10 * x8) - (x1 / x4))', '((x10 / x1) * (x5 / x6))', '((x0 + x10) * (x1 - x8))', '((x1 + x8) / (x10 * x9))', '((x1 - x9) / (x6 / x10))', '((x10 + x3) - (x1 * x3))', '((x1 - x10) / (x2 + x8))']",
wine_red,beamfeat_ridge,2,0.3833165889655409,0.8689704650314525,12.0,,True,"['((x1 / x9) + (x1 - x10))', '((x10 / x8) - (x7 / x9))', '((x1 / x10) / (x1 + x10))', '((x1 * x3) + (x1 - x10))', '((x2 + x9) + (x10 / x8))', '((x10 * x8) - (x1 / x4))', '((x10 / x1) * (x5 / x6))', '((x0 + x10) * (x1 - x8))', '((x1 + x8) / (x10 * x9))', '((x1 - x9) / (x6 / x10))', '((x10 + x3) - (x1 * x3))', '((x1 - x10) / (x2 + x8))']",
wine_red,ridge_raw,3,0.37351275776325044,0.006563766044564545,,,,,
wine_red,rf_raw,3,0.483569418427358,0.3725825870060362,,,,,
wine_red,lgbm_raw,3,0.46294609412616605,0.727226824965328,,,,,
wine_red,featuretools,3,0.4176116126395536,0.22576375695643947,165.0,,,,
wine_red,openfe,3,0.39651277869277224,11.518281350028701,20.0,,,,
wine_red,beamfeat,3,0.4013200215168016,0.8355192469898611,12.0,,True,"['((x8 / x9) + (x1 - x10))', '((x10 / x8) - (x4 - x9))', '((x10 / x8) - (x1 - x9))', '((x1 - x10) - (x0 / x6))', '((x10 / x8) + (x5 / x6))', '((x10 * x9) * (x3 - x10))', '((x1 / x10) / (x10 * x9))', '((x0 + x10) + (x9 / x4))', '((x0 + x10) - (x0 * x1))', '((x10 / x1) - (x6 / x10))', '((x0 + x10) + (x10 * x9))', '((x10 * x8) - (x6 / x10))']",
wine_red,beamfeat_ridge,3,0.40168197438339914,0.9035110889817588,12.0,,True,"['((x8 / x9) + (x1 - x10))', '((x10 / x8) - (x4 - x9))', '((x10 / x8) - (x1 - x9))', '((x1 - x10) - (x0 / x6))', '((x10 / x8) + (x5 / x6))', '((x10 * x9) * (x3 - x10))', '((x1 / x10) / (x10 * x9))', '((x0 + x10) + (x9 / x4))', '((x0 + x10) - (x0 * x1))', '((x10 / x1) - (x6 / x10))', '((x0 + x10) + (x10 * x9))', '((x10 * x8) - (x6 / x10))']",
wine_red,ridge_raw,4,0.35280206925265933,0.12991826300276443,,,,,
wine_red,rf_raw,4,0.46093650535300923,0.394476936024148,,,,,
wine_red,lgbm_raw,4,0.38190496459683343,0.7470786739722826,,,,,
wine_red,featuretools,4,0.3870256779837895,0.22654623800190166,165.0,,,,
wine_red,openfe,4,0.36032977978652714,12.921785240003373,20.0,,,,
wine_red,beamfeat,4,0.3573270516808782,0.9348275930387899,18.0,,True,"['((x10 / x8) - (x1 / x9))', '((x7 / x9) - x10)', '((x10 / x8) - (x4 - x9))', '((x1 / x10) / (x10 * x9))', '((x10 / x8) + (x5 / x6))', '((x1 / x10) / x10)', '((x10 / x8) + x4)', '((x0 + x10) + (x10 * x8))', '((x1 * x10) - x10)', '((x2 + x8) / (x1 - x10))', '((x1 + x4) / (x10 * x8))', '((x10 / x4) * (x10 * x9))', '((x0 / x9) * (x1 / x10))', '((x2 + x9) * (x10 / x4))', '((x2 + x9) + (x10 / x8))', '((x1 / x9) - (x10 / x0))', '((x9 / x4) + (x10 * x8))', '((x10 / x4) * (x1 - x9))']",
wine_red,beamfeat_ridge,4,0.35732705168084533,1.00192834995687,18.0,,True,"['((x10 / x8) - (x1 / x9))', '((x7 / x9) - x10)', '((x10 / x8) - (x4 - x9))', '((x1 / x10) / (x10 * x9))', '((x10 / x8) + (x5 / x6))', '((x1 / x10) / x10)', '((x10 / x8) + x4)', '((x0 + x10) + (x10 * x8))', '((x1 * x10) - x10)', '((x2 + x8) / (x1 - x10))', '((x1 + x4) / (x10 * x8))', '((x10 / x4) * (x10 * x9))', '((x0 / x9) * (x1 / x10))', '((x2 + x9) * (x10 / x4))', '((x2 + x9) + (x10 / x8))', '((x1 / x9) - (x10 / x0))', '((x9 / x4) + (x10 * x8))', '((x10 / x4) * (x1 - x9))']",
boston,ridge_raw,0,0.6272671927504219,0.0034522160422056913,,,,,
boston,rf_raw,0,0.7958358143705828,0.3814978980226442,,,,,
boston,lgbm_raw,0,0.7558557838095613,0.42372501094359905,,,,,
boston,featuretools,0,-2.368196287984093,0.23162306303856894,234.0,,,,
boston,openfe,0,0.627072847082681,3.919400908984244,1.0,,,,
boston,beamfeat,0,0.6952948507414898,0.6760967140435241,23.0,,True,"['((x3 + x5) / (x10 + x12))', '((x11 / x10) / (x12 + x7))', '(log(x12) - (x5 / x10))', '((x11 * x5) / (x10 + x12))', '((x11 / x10) * (x5 / x12))', '((x12 + x7) - (x5 - x10))', '((x11 / x10) / (x10 + x12))', '((x9 / x12) - (x2 + x8))', '((x6 / x12) / (x12 + x2))', '((x5 / x10) / (x12 + x8))', '((x11 / x10) / (x0 + x12))', '((x12 / x7) - (x6 / x12))', '((x10 + x12) * (x5 / x12))', '((x6 / x12) - (x10 + x2))', '(log(x12) + (x3 - x5))', '((x5 / x10) * (x4 - x5))', '((x5 / x10) * (x11 * x5))', '((x12 + x8) - (x6 / x12))', '((x12 / x4) - (x11 / x10))', '((x6 / x12) / (x10 + x2))', 'sqrt((x12 / x4))', '((x4 + x5) * log(x12))', '((x5 / x9) / (x10 + x12))']",
boston,beamfeat_ridge,0,0.6939285753695734,0.7287745230132714,23.0,,True,"['((x3 + x5) / (x10 + x12))', '((x11 / x10) / (x12 + x7))', '(log(x12) - (x5 / x10))', '((x11 * x5) / (x10 + x12))', '((x11 / x10) * (x5 / x12))', '((x12 + x7) - (x5 - x10))', '((x11 / x10) / (x10 + x12))', '((x9 / x12) - (x2 + x8))', '((x6 / x12) / (x12 + x2))', '((x5 / x10) / (x12 + x8))', '((x11 / x10) / (x0 + x12))', '((x12 / x7) - (x6 / x12))', '((x10 + x12) * (x5 / x12))', '((x6 / x12) - (x10 + x2))', '(log(x12) + (x3 - x5))', '((x5 / x10) * (x4 - x5))', '((x5 / x10) * (x11 * x5))', '((x12 + x8) - (x6 / x12))', '((x12 / x4) - (x11 / x10))', '((x6 / x12) / (x10 + x2))', 'sqrt((x12 / x4))', '((x4 + x5) * log(x12))', '((x5 / x9) / (x10 + x12))']",
boston,ridge_raw,1,0.7786706153869264,0.002355324977543205,,,,,
boston,rf_raw,1,0.9105740589571528,0.3572527849464677,,,,,
boston,lgbm_raw,1,0.9067289534383441,0.46063759201206267,,,,,
boston,featuretools,1,-15.680192110188926,0.7021400440135039,234.0,,,,
boston,openfe,1,0.7786538672627976,3.974610174947884,1.0,,,,
boston,beamfeat,1,0.8766949737961579,0.7211712530115619,31.0,,True,"['((x4 - x5) / (x10 + x12))', '((x5 / x4) / (x12 + x7))', '((x5 / x10) / (x0 + x12))', '((x4 / x12) + (x5 / x10))', '(log(x12) - (x4 / x12))', '((x5 / x9) / (x12 + x7))', '((x4 / x12) * (x5 / x9))', '((x5 / x4) / (x10 + x12))', '((x5 / x10) / (x12 + x7))', '((x11 * x12) / (x12)^2)', '((x9 / x12) - (x9 / x5))', '((x4 - x5) / (x0 + x10))', '((x11 * x5) / (x12 + x7))', '((x11 / x10) / log(x12))', '((x11 / x10) / (x10 + x12))', '((x5 / x9) / (x10 + x12))', '(log(x12) / (x3 + x5))', '((x5 / x9) / (x0 + x12))', 'log((x4 / x12))', '((x12 + x7) + (x10 * x4))', '(log(x12) * (x10 * x4))', '((x5 / x4) - x10)', '((x4 / x5) / (x0 + x12))', '((x5 + x7) / log(x12))', '((x5 / x12) + x3)', '((x10 + x12) - log(x0))', '((x4 + x5) * (x5 / x4))', '((x10 + x12) - (x10 / x7))', '((x10 + x2) * log(x12))', '((x10 + x12) + (x6 / x5))', '((x0 + x12) - (x9 / x12))']",
boston,beamfeat_ridge,1,0.8793323680802956,0.9016684060334228,31.0,,True,"['((x4 - x5) / (x10 + x12))', '((x5 / x4) / (x12 + x7))', '((x5 / x10) / (x0 + x12))', '((x4 / x12) + (x5 / x10))', '(log(x12) - (x4 / x12))', '((x5 / x9) / (x12 + x7))', '((x4 / x12) * (x5 / x9))', '((x5 / x4) / (x10 + x12))', '((x5 / x10) / (x12 + x7))', '((x11 * x12) / (x12)^2)', '((x9 / x12) - (x9 / x5))', '((x4 - x5) / (x0 + x10))', '((x11 * x5) / (x12 + x7))', '((x11 / x10) / log(x12))', '((x11 / x10) / (x10 + x12))', '((x5 / x9) / (x10 + x12))', '(log(x12) / (x3 + x5))', '((x5 / x9) / (x0 + x12))', 'log((x4 / x12))', '((x12 + x7) + (x10 * x4))', '(log(x12) * (x10 * x4))', '((x5 / x4) - x10)', '((x4 / x5) / (x0 + x12))', '((x5 + x7) / log(x12))', '((x5 / x12) + x3)', '((x10 + x12) - log(x0))', '((x4 + x5) * (x5 / x4))', '((x10 + x12) - (x10 / x7))', '((x10 + x2) * log(x12))', '((x10 + x12) + (x6 / x5))', '((x0 + x12) - (x9 / x12))']",
boston,ridge_raw,2,0.7505277029989221,0.004378557030577213,,,,,
boston,rf_raw,2,0.8938020429900613,0.3746325640240684,,,,,
boston,lgbm_raw,2,0.8982556273061186,0.41346208000322804,,,,,
boston,featuretools,2,-57.32040005763385,0.5902356949518435,234.0,,,,
boston,openfe,2,0.7504465115516126,4.021392806025688,1.0,,,,
boston,beamfeat,2,0.8404548135047288,0.6407712540240027,15.0,,True,"['((x3 + x5) / (x10 + x12))', '((x11 / x12) / x10)', '((x11 / x12) - x0)', '((x11 * x5) / (x10 + x12))', '((x5 / x9) / (x12 + x7))', '((x9 / x12) / (x2 + x7))', '((x9 / x12) - (x9 / x5))', '(log(x12) / (x3 + x5))', '((x5 / x10) / (x12 * x9))', '((x12 * x5) - (x9 / x12))', '((x12 * x5) - (x6 / x12))', '((x4 / x5) / (x12 * x9))', '((x6 / x12) - (x2 * x4))', '((x11 / x10) / (x10 + x12))', '((x9 / x12) / (x10 + x2))']",
boston,beamfeat_ridge,2,0.8469124797703564,0.6364626130089164,15.0,,True,"['((x3 + x5) / (x10 + x12))', '((x11 / x12) / x10)', '((x11 / x12) - x0)', '((x11 * x5) / (x10 + x12))', '((x5 / x9) / (x12 + x7))', '((x9 / x12) / (x2 + x7))', '((x9 / x12) - (x9 / x5))', '(log(x12) / (x3 + x5))', '((x5 / x10) / (x12 * x9))', '((x12 * x5) - (x9 / x12))', '((x12 * x5) - (x6 / x12))', '((x4 / x5) / (x12 * x9))', '((x6 / x12) - (x2 * x4))', '((x11 / x10) / (x10 + x12))', '((x9 / x12) / (x10 + x2))']",
boston,ridge_raw,3,0.7646191530595003,0.0026773220160976052,,,,,
boston,rf_raw,3,0.8749125095196923,0.2979376839939505,,,,,
boston,lgbm_raw,3,0.846434903849864,0.43235452502267435,,,,,
boston,featuretools,3,-27.084711766791667,0.23904309998033568,234.0,,,,
boston,openfe,3,0.7576151491523486,4.041051164036617,1.0,,,,
boston,beamfeat,3,0.8804176856917793,0.6726155749638565,15.0,,True,"['((x3 + x5) / (x10 + x12))', '((x11 / x10) / (x12 + x7))', '((x11 / x10) * (x5 / x12))', '((x10 + x12) / (x3 + x5))', '((x5 / x12) * x4)', '((x12 * x5) - (x9 / x12))', '((x10 + x12) + sqrt(x0))', '((x9 / x12) - (x0 + x2))', '((x5 / x9) / (x12 + x7))', '((x5 / x4) / (x10 + x12))', '((x5 / x10) / (x12 * x9))', '((x5 / x10) * (x5 / x4))', '((x12 / x7) - (x6 / x12))', '((x3 + x5) / (x0 + x10))', '((x12 + x8) / (x12 * x9))']",
boston,beamfeat_ridge,3,0.865090756882174,0.6863577819894999,15.0,,True,"['((x3 + x5) / (x10 + x12))', '((x11 / x10) / (x12 + x7))', '((x11 / x10) * (x5 / x12))', '((x10 + x12) / (x3 + x5))', '((x5 / x12) * x4)', '((x12 * x5) - (x9 / x12))', '((x10 + x12) + sqrt(x0))', '((x9 / x12) - (x0 + x2))', '((x5 / x9) / (x12 + x7))', '((x5 / x4) / (x10 + x12))', '((x5 / x10) / (x12 * x9))', '((x5 / x10) * (x5 / x4))', '((x12 / x7) - (x6 / x12))', '((x3 + x5) / (x0 + x10))', '((x12 + x8) / (x12 * x9))']",
boston,ridge_raw,4,0.7312797623581725,0.0029711779789067805,,,,,
boston,rf_raw,4,0.8555016251654354,0.35789071198087186,,,,,
boston,lgbm_raw,4,0.9037301850480773,0.48618019599234685,,,,,
boston,featuretools,4,-25.68395118811095,0.2747090880293399,234.0,,,,
boston,openfe,4,0.73126862766413,3.885006404016167,1.0,,,,
boston,beamfeat,4,0.8723963679252589,0.6967726500006393,22.0,,True,"['((x5 / x4) / (x12 + x7))', '((x11 * x5) / (x10 + x12))', '((x5 / x12) - (x0 / x8))', '(log(x12) - x5)', '((x5 / x12) * (x5 / x9))', '((x11 / x9) + (x5 / x12))', '((x5 / x10) * (x11 * x5))', '((x4 - x5) - (x11 / x9))', '((x11 * x5) / log(x12))', '((x5 / x9) * (x11 * x5))', 'log((x12 + x7))', '((x10 + x4) + (x12 + x7))', '((x9 / x5) - (x9 / x12))', 'log((x12 * x9))', '(log(x12) - x3)', '((x3 + x5) * (x5 / x4))', '((x10 + x12) + (x10 * x4))', '((x11 * x5) / (x0 + x10))', '((x6 / x12) - (x6 / x5))', '((x5 / x4) + (x6 / x12))', '((x3 + x5) + (x7 / x12))', '((x5 / x4) / (x12 * x5))']",
boston,beamfeat_ridge,4,0.8887138515055379,0.6951371220056899,22.0,,True,"['((x5 / x4) / (x12 + x7))', '((x11 * x5) / (x10 + x12))', '((x5 / x12) - (x0 / x8))', '(log(x12) - x5)', '((x5 / x12) * (x5 / x9))', '((x11 / x9) + (x5 / x12))', '((x5 / x10) * (x11 * x5))', '((x4 - x5) - (x11 / x9))', '((x11 * x5) / log(x12))', '((x5 / x9) * (x11 * x5))', 'log((x12 + x7))', '((x10 + x4) + (x12 + x7))', '((x9 / x5) - (x9 / x12))', 'log((x12 * x9))', '(log(x12) - x3)', '((x3 + x5) * (x5 / x4))', '((x10 + x12) + (x10 * x4))', '((x11 * x5) / (x0 + x10))', '((x6 / x12) - (x6 / x5))', '((x5 / x4) + (x6 / x12))', '((x3 + x5) + (x7 / x12))', '((x5 / x4) / (x12 * x5))']",
diabetes,ridge_raw,0,0.3623477481843289,0.0023490600287914276,,,,,
diabetes,rf_raw,0,0.24728338702663233,0.33898741303710267,,,,,
diabetes,lgbm_raw,0,0.11690718453109905,0.297319320961833,,,,,
diabetes,featuretools,0,0.33075691813216934,0.18742478301282972,135.0,,,,
diabetes,openfe,0,0.3635285004749734,2.9301058229757473,1.0,,,,
diabetes,beamfeat,0,0.35680269591691793,0.49736001901328564,4.0,,True,"['((x2 + x8) + (x3 - x6))', '((x2 + x3) - (x4 - x8))', '((x2 + x8) - (x1 - x8))', '((x0 + x8) + (x2 + x8))']",
diabetes,beamfeat_ridge,0,0.36081703322404424,0.5667484780424275,4.0,,True,"['((x2 + x8) + (x3 - x6))', '((x2 + x3) - (x4 - x8))', '((x2 + x8) - (x1 - x8))', '((x0 + x8) + (x2 + x8))']",
diabetes,ridge_raw,1,0.43776766463919636,0.0027510919608175755,,,,,
diabetes,rf_raw,1,0.27316967134614856,0.32045044197002426,,,,,
diabetes,lgbm_raw,1,0.22475729070854422,0.3525960040278733,,,,,
diabetes,featuretools,1,0.15093386331456327,0.7211342619848438,135.0,,,,
diabetes,openfe,1,0.43823182994305476,2.9046244439668953,1.0,,,,
diabetes,beamfeat,1,0.43644463053337923,0.526670410996303,8.0,,True,"['((x2 + x8) + (x3 - x6))', '((x2 + x8) - (x1 - x3))', '((x0 + x2) - (x4 - x8))', '((x0 + x3) + (x2 + x8))', '((x2 + x3) + x7)', '((x1 + x2) + (x2 + x8))', '((x2 + x7) + (x2 - x5))', '((x2 + x9) - (x4 - x8))']",
diabetes,beamfeat_ridge,1,0.42895314804568807,0.548836239031516,8.0,,True,"['((x2 + x8) + (x3 - x6))', '((x2 + x8) - (x1 - x3))', '((x0 + x2) - (x4 - x8))', '((x0 + x3) + (x2 + x8))', '((x2 + x3) + x7)', '((x1 + x2) + (x2 + x8))', '((x2 + x7) + (x2 - x5))', '((x2 + x9) - (x4 - x8))']",
diabetes,ridge_raw,2,0.444387434598447,0.003278921009041369,,,,,
diabetes,rf_raw,2,0.3247310605436582,0.30028061097254977,,,,,
diabetes,lgbm_raw,2,0.22705310945820434,0.297426450997591,,,,,
diabetes,featuretools,2,0.27822629872853477,0.2796088769682683,135.0,,,,
diabetes,openfe,2,0.437502520275333,2.964326714980416,1.0,,,,
diabetes,beamfeat,2,0.43459452523601205,0.5113172890269198,4.0,,True,"['((x2 + x8) + x3)', '((x0 + x3) + (x2 + x8))', '((x1 - x2) + (x6 - x8))', '((x2 + x3) + (x2 + x9))']",
diabetes,beamfeat_ridge,2,0.43839670295492905,0.546926723967772,4.0,,True,"['((x2 + x8) + x3)', '((x0 + x3) + (x2 + x8))', '((x1 - x2) + (x6 - x8))', '((x2 + x3) + (x2 + x9))']",
diabetes,ridge_raw,3,0.42688359714404833,0.002761261013802141,,,,,
diabetes,rf_raw,3,0.3835378539935671,0.3270176990190521,,,,,
diabetes,lgbm_raw,3,0.24170739164980481,0.341899974970147,,,,,
diabetes,featuretools,3,0.2644573595237314,0.2652833020547405,135.0,,,,
diabetes,openfe,3,0.4262494293207658,3.0239213570021093,1.0,,,,
diabetes,beamfeat,3,0.4325766519296338,0.5206410270184278,6.0,,True,"['((x2 + x8) + (x3 - x6))', '((x2 + x8) - (x1 - x2))', '((x2 + x3) + (x5 + x8))', '((x3 + x8) - (x4 - x7))', '((x2 + x9) - (x0 - x8))', '((x2 + x9) - (x1 - x8))']",
diabetes,beamfeat_ridge,3,0.4358761489915496,0.5435176529572345,6.0,,True,"['((x2 + x8) + (x3 - x6))', '((x2 + x8) - (x1 - x2))', '((x2 + x3) + (x5 + x8))', '((x3 + x8) - (x4 - x7))', '((x2 + x9) - (x0 - x8))', '((x2 + x9) - (x1 - x8))']",
diabetes,ridge_raw,4,0.4688609885391548,0.0024730319855734706,,,,,
diabetes,rf_raw,4,0.39153542980813605,0.31045102898497134,,,,,
diabetes,lgbm_raw,4,0.22865401654523587,0.3380978809436783,,,,,
diabetes,featuretools,4,0.3740863357338807,0.19262403604807332,135.0,,,,
diabetes,openfe,4,0.47121840570022255,2.876230943016708,1.0,,,,
diabetes,beamfeat,4,0.4540288148444599,0.5020686399657279,6.0,,True,"['((x2 + x8) + (x3 - x6))', '((x2 + x3) + (x2 + x8))', '((x1 - x3) + (x6 - x8))', '((x2 + x7) + x3)', '((x3 + x8) + (x2 - x4))', '((x2 + x4) - (x5 - x8))']",
diabetes,beamfeat_ridge,4,0.4608028798162642,0.5416348869912326,6.0,,True,"['((x2 + x8) + (x3 - x6))', '((x2 + x3) + (x2 + x8))', '((x1 - x3) + (x6 - x8))', '((x2 + x7) + x3)', '((x3 + x8) + (x2 - x4))', '((x2 + x4) - (x5 - x8))']",
three_way:a*b/c,autofeat,0,0.9784865390529416,12.795182012021542,15.0,False,,"['x001**2/x002', 'x000**3/x001', '1/(x000*x001)', '1/(x001*x002)', 'x000**2*x001**2', 'log(x001)/x001', 'log(x000)/x002', 'exp(x001)*exp(x002)', 'exp(x000)*log(x002)', 'exp(x001)*log(x002)', '1/(x000*x002)', 'exp(x000)*exp(x001)', 'exp(x003)/x002', 'x002**2*exp(x003)', 'exp(x000)*exp(x003)']",
three_way:a*b/c,autofeat,1,0.95294508506931,11.842793189978693,12.0,False,,"['x001**2/x002', 'x000**3/x001', 'x000**2*x001**2', 'x000**2/x002', 'x001**3/x000', '1/(x001*x002)', '1/(x000*x002)', 'exp(x000)*log(x002)', 'x001**3*log(x002)', 'exp(x000)*log(x003)', 'exp(x001)/x003', 'log(x002)/x002']",
three_way:a*b/c,autofeat,2,0.9831171097432189,11.119176714972127,10.0,False,,"['x001**2/x002', 'x000**2/x002', 'x001**3/x000', 'x000**3/x001', '1/(x001*x002)', 'x000**2*x001**2', 'exp(x001)*log(x003)', 'log(x001)/x001', 'exp(x000)*log(x003)', 'x000**2*exp(x003)']",
three_way:a*b/c,autofeat,3,0.9804576977320044,11.241903989983257,9.0,False,,"['x001**2/x002', 'x000**3/x001', '1/(x001*x002)', 'x000**2*x001**2', 'x000**2/x002', 'x001**3/x000', 'log(x001)/x001', 'exp(x000)*log(x003)', 'exp(x001)/x003']",
three_way:a*b/c,autofeat,4,0.9793164382298604,12.008550030994229,14.0,False,,"['1/(x001*x002)', '1/(x000*x001)', 'log(x001)/x002', 'log(x000)/x002', 'x000**2*x001**2', 'x000**3/x001', 'exp(x000)*log(x002)', 'exp(x001)*log(x002)', 'x001**3/x000', 'exp(x001)*log(x003)', 'exp(x001)*exp(x002)', 'x003**3/x002', 'log(x002)/x001', 'exp(x000)*exp(x003)']",
kinetic:m*v^2/2,autofeat,0,0.9995902934125606,7.565645961032715,1.0,True,,['x000*x001**2'],
kinetic:m*v^2/2,autofeat,1,0.9996964783551677,8.053903683030512,2.0,True,,"['x000*x001**2', 'x001*sqrt(x002)']",
kinetic:m*v^2/2,autofeat,2,0.9996317853819454,9.047324170998763,1.0,True,,['x000*x001**2'],
kinetic:m*v^2/2,autofeat,3,0.9996771850745679,8.31970634899335,3.0,True,,"['x000*x001**2', 'x001**2*log(x003)', 'x001**2*x002']",
kinetic:m*v^2/2,autofeat,4,0.9995643377270266,8.648396331002004,1.0,True,,['x000*x001**2'],
sparse10:a*b,autofeat,0,0.997263144239367,44.1689257369726,6.0,True,,"['x000*x001', 'exp(x005)*exp(x009)', 'exp(x005)*log(x006)', 'x009**2*exp(x004)', 'x003**2*exp(x005)', 'exp(x001)*exp(x007)']",
sparse10:a*b,autofeat,1,0.997475927403284,38.97703240800183,2.0,True,,"['x000*x001', 'x001**3*exp(x000)']",
sparse10:a*b,autofeat,2,0.9971333396022464,39.37238235300174,6.0,True,,"['x000*x001', 'exp(x005)*exp(x006)', 'exp(x005)*exp(x009)', 'exp(x003)*exp(x005)', 'exp(x006)/x005', 'exp(x006)/x002']",
sparse10:a*b,autofeat,3,0.9968296109976295,41.73910117702326,5.0,True,,"['x000*x001', 'exp(x005)*exp(x006)', 'x004**3*exp(x008)', 'exp(x009)/x001', 'log(x003)/x003']",
sparse10:a*b,autofeat,4,0.9969572560565378,40.14326044800691,6.0,True,,"['x000*x001', 'exp(x005)*exp(x009)', '1/(x004*x008)', 'log(x000)/x000', 'x004**3*exp(x005)', 'x002**3*exp(x006)']",
linear_ctrl,autofeat,0,0.9995367314272284,10.414193189993966,11.0,,,"['x000/x001', 'x000**3/x002', 'sqrt(x000)*sqrt(x002)', 'exp(x002)', '1/(x000*x002)', 'x002**3/x000', '1/(x000*x003)', 'x001**3*log(x003)', 'exp(x000)*log(x001)', 'exp(x001)', '1/(x002*x003)']",
linear_ctrl,autofeat,1,0.9996739205077181,10.075370924023446,10.0,,,"['exp(x002)', 'exp(x001)', 'x000**3/x002', '1/(x000*x002)', 'sqrt(x000)*sqrt(x002)', 'x000/x001', 'x002**3/x000', 'x000**3*log(x001)', '1/(x002*x003)', 'x001**3*exp(x003)']",
linear_ctrl,autofeat,2,0.9995822340662144,10.198126861010678,12.0,,,"['exp(x002)', 'sqrt(x000)*sqrt(x002)', 'x000/x001', 'x000**3/x002', '1/(x000*x002)', 'x001**2/x002', 'x002**3/x000', 'exp(x003)*log(x002)', 'exp(x000)*log(x001)', 'x002**3/x001', '1/(x000*x003)', 'sqrt(x000)*x001**3']",
linear_ctrl,autofeat,3,0.9994841063516053,9.88815233000787,9.0,,,"['sqrt(x000)*sqrt(x002)', '1/(x000*x002)', 'exp(x001)*log(x000)', 'x002**2/x001', 'x000**3/x002', '1/(x000*x003)', 'exp(x002)/x000', 'x001**3*exp(x000)', 'exp(x002)*log(x001)']",
linear_ctrl,autofeat,4,0.9996124852549768,10.142516585008707,7.0,,,"['1/(x000*x002)', 'log(x000)/x001', 'sqrt(x000)*sqrt(x002)', 'exp(x002)', 'x000**3/x002', 'x001**2*exp(x000)', 'exp(x001)*log(x000)']",
friedman1,autofeat,0,-103.24509306055533,78.45854994800175,24.0,,,"['x002*log(x002)', 'x005**3*x009**3', 'x000**3*x001**3', 'sqrt(x000)*x001', 'x000*sqrt(x001)', 'x004**2*log(x001)', 'x001**3*log(x001)', 'x002**2*log(x002)', 'log(x000)*log(x001)', 'x003**2*log(x003)', '1/(x003*x006)', '1/(x004*x008)', 'log(x009)/x001', 'x003*log(x009)', 'log(x003)*log(x004)', 'exp(x003)*exp(x004)', 'sqrt(x002)*log(x004)', 'x001/x003', 'x003**3*x006', 'log(x001)/x000', 'x004*exp(x007)', 'x003*exp(x009)', 'x005**3*log(x006)', 'x000**3*log(x009)']",
friedman1,autofeat,1,0.9462529185959215,78.92754488397622,8.0,,,"['x002*log(x002)', 'x000**3*x001**3', 'sqrt(x000)*x001', 'x002**2*log(x002)', 'log(x003)*log(x004)', 'x003*exp(x006)', 'x004*exp(x000)', 'x000**2*log(x006)']",
friedman1,autofeat,2,0.9492170427129238,80.07276945200283,19.0,,,"['x002*log(x002)', 'x000*sqrt(x001)', 'x000**3*x001**3', 'sqrt(x000)*x001', 'x001**3*log(x001)', 'x004**3*log(x004)', 'x002**2*log(x002)', 'x004**2*sqrt(x007)', 'log(x003)*log(x004)', 'x002*log(x004)', 'x005**3*x009**3', 'x004**3*log(x001)', 'exp(x003)*exp(x004)', 'sqrt(x000)*x003', 'x003**2*log(x003)', 'x003**3*x006', 'x008*log(x001)', 'x008*log(x003)', 'x004**3*exp(x008)']",
friedman1,autofeat,3,0.9376209114304761,81.2598636969924,19.0,,,"['x002*log(x002)', 'x000**3*x001**3', 'sqrt(x000)*x001', 'x002**2*log(x002)', 'x004**3*log(x004)', 'log(x003)*log(x004)', 'x003**3*x006', 'x004**3/x000', 'x003*exp(x007)', 'x005**3*x009**3', 'x003**2*log(x003)', 'x003*exp(x005)', 'x003**2*log(x001)', 'x004**2*exp(x000)', 'x004**2*log(x001)', 'x000**3*log(x000)', 'sqrt(x003)*exp(x001)', 'x000**2*x009**2', 'log(x004)*log(x005)']",
friedman1,autofeat,4,0.9550065324885989,83.03948754700832,16.0,,,"['x002*log(x002)', 'x000**3*x001**3', 'sqrt(x000)*x001', 'x000*sqrt(x001)', 'x002**2*log(x002)', 'x004**3*log(x003)', 'x004**3*log(x004)', 'log(x003)*log(x004)', 'sqrt(x003)*exp(x004)', 'x003**3*x006', 'x003*exp(x007)', '1/(x002*x006)', 'log(x005)/x001', 'x000**2*x006**3', 'x004**2*log(x001)', 'sqrt(x001)*log(x002)']",
three_way:a*b/c,ridge_raw,0,0.771192193270376,0.002407533989753574,,,,,
three_way:a*b/c,rf_raw,0,0.9490599401316987,0.2955154820228927,,,,,
three_way:a*b/c,lgbm_raw,0,0.9201095182894709,0.3466089830035344,,,,,
three_way:a*b/c,featuretools,0,0.9726518940687158,0.03018961101770401,18.0,,,,
three_way:a*b/c,openfe,0,0.7710123650359635,1.3249148830072954,1.0,,,,
three_way:a*b/c,beamfeat,0,0.9995139224633232,0.18694128800416365,1.0,True,True,['((x1 / x2) * x0)'],
three_way:a*b/c,beamfeat_ridge,0,0.9995394156012064,0.21963928901823238,1.0,True,True,['((x1 / x2) * x0)'],
three_way:a*b/c,ridge_raw,1,0.7363791264979023,0.0025448030210100114,,,,,
three_way:a*b/c,rf_raw,1,0.947689801992543,0.31515825301175937,,,,,
three_way:a*b/c,lgbm_raw,1,0.8249166597474196,0.343728415959049,,,,,
three_way:a*b/c,featuretools,1,0.9593056296097219,0.030888765992131084,18.0,,,,
three_way:a*b/c,openfe,1,0.7393226266012567,1.2664861420053057,1.0,,,,
three_way:a*b/c,beamfeat,1,0.9993479020113266,0.1719510320108384,1.0,True,True,['((x1 / x2) * x0)'],
three_way:a*b/c,beamfeat_ridge,1,0.9993657375332506,0.20897296199109405,1.0,True,True,['((x1 / x2) * x0)'],
three_way:a*b/c,ridge_raw,2,0.748196584460119,0.0024263570085167885,,,,,
three_way:a*b/c,rf_raw,2,0.9285411314003662,0.3001476170029491,,,,,
three_way:a*b/c,lgbm_raw,2,0.90604505202958,0.3593441140255891,,,,,
three_way:a*b/c,featuretools,2,0.9813246272935976,0.045812001975718886,18.0,,,,
three_way:a*b/c,openfe,2,0.7413063510849699,1.3423625270370394,1.0,,,,
three_way:a*b/c,beamfeat,2,0.9997006527658049,0.18521482398500666,1.0,True,True,['((x1 / x2) * x0)'],
three_way:a*b/c,beamfeat_ridge,2,0.9996970884578791,0.22137686697533354,1.0,True,True,['((x1 / x2) * x0)'],
three_way:a*b/c,ridge_raw,3,0.7821413380655959,0.002935867989435792,,,,,
three_way:a*b/c,rf_raw,3,0.9323300384052804,0.33054917998379096,,,,,
three_way:a*b/c,lgbm_raw,3,0.9129405230642694,0.33808882598532364,,,,,
three_way:a*b/c,featuretools,3,0.9855949992664279,0.031603178998921067,18.0,,,,
three_way:a*b/c,openfe,3,0.7847827515710633,1.3121053699869663,1.0,,,,
three_way:a*b/c,beamfeat,3,0.9994894059371913,0.18819815100869164,1.0,True,True,['((x0 / x2) * x1)'],
three_way:a*b/c,beamfeat_ridge,3,0.999488903766356,0.21881745202699676,1.0,True,True,['((x0 / x2) * x1)'],
three_way:a*b/c,ridge_raw,4,0.7581087154971746,0.0026525870198383927,,,,,
three_way:a*b/c,rf_raw,4,0.9595864144034247,0.3126296069822274,,,,,
three_way:a*b/c,lgbm_raw,4,0.9054887038164487,0.36984614498214796,,,,,
three_way:a*b/c,featuretools,4,0.9782172818159909,0.030519677966367453,18.0,,,,
three_way:a*b/c,openfe,4,0.7597523805484848,1.352651245018933,1.0,,,,
three_way:a*b/c,beamfeat,4,0.9995258095441537,0.20116084098117426,1.0,True,True,['((x0 / x2) * x1)'],
three_way:a*b/c,beamfeat_ridge,4,0.9995471081043156,0.21741330699296668,1.0,True,True,['((x0 / x2) * x1)'],
kinetic:m*v^2/2,ridge_raw,0,0.8528319235556283,0.0024417349486611784,,,,,
kinetic:m*v^2/2,rf_raw,0,0.9894210930275875,0.3402358299936168,,,,,
kinetic:m*v^2/2,lgbm_raw,0,0.9906080706783054,0.3512577860383317,,,,,
kinetic:m*v^2/2,featuretools,0,0.99239740040775,0.03287579299649224,18.0,,,,
kinetic:m*v^2/2,openfe,0,0.859647932100609,1.3151251160306856,1.0,,,,
kinetic:m*v^2/2,beamfeat,0,0.9995923708626959,0.18679271498695016,1.0,True,True,['(x1 * (x0 * x1))'],
kinetic:m*v^2/2,beamfeat_ridge,0,0.9996004688202457,0.2173012180137448,1.0,True,True,['(x1 * (x0 * x1))'],
kinetic:m*v^2/2,ridge_raw,1,0.8561837586732667,0.002491533989086747,,,,,
kinetic:m*v^2/2,rf_raw,1,0.9953747919963638,0.31097247602883726,,,,,
kinetic:m*v^2/2,lgbm_raw,1,0.995118135368922,0.33673325303243473,,,,,
kinetic:m*v^2/2,featuretools,1,0.9957663829702329,0.03105901402886957,18.0,,,,
kinetic:m*v^2/2,openfe,1,0.8801071106464793,1.311975292977877,1.0,,,,
kinetic:m*v^2/2,beamfeat,1,0.999685980570281,0.1851923870272003,1.0,True,True,['(x1 * (x0 * x1))'],
kinetic:m*v^2/2,beamfeat_ridge,1,0.999696778954217,0.2144164610072039,1.0,True,True,['(x1 * (x0 * x1))'],
kinetic:m*v^2/2,ridge_raw,2,0.8570260741999411,0.002822145994286984,,,,,
kinetic:m*v^2/2,rf_raw,2,0.9933296492332766,0.3464054639916867,,,,,
kinetic:m*v^2/2,lgbm_raw,2,0.9922318262853554,0.34813744999701157,,,,,
kinetic:m*v^2/2,featuretools,2,0.9955161171697888,0.031139510974753648,18.0,,,,
kinetic:m*v^2/2,openfe,2,0.8903478852904025,1.5173591449856758,1.0,,,,
kinetic:m*v^2/2,beamfeat,2,0.9996246439358357,0.18596096901455894,1.0,True,True,['(x1 * (x0 * x1))'],
kinetic:m*v^2/2,beamfeat_ridge,2,0.9996333838588845,0.2390553510049358,1.0,True,True,['(x1 * (x0 * x1))'],
kinetic:m*v^2/2,ridge_raw,3,0.871127803472353,0.0028832340030930936,,,,,
kinetic:m*v^2/2,rf_raw,3,0.9793271249279581,0.33486722997622564,,,,,
kinetic:m*v^2/2,lgbm_raw,3,0.9877686416795161,0.3636302900267765,,,,,
kinetic:m*v^2/2,featuretools,3,0.9951474824062962,0.03214344597654417,18.0,,,,
kinetic:m*v^2/2,openfe,3,0.8865081884370909,1.4131422499776818,1.0,,,,
kinetic:m*v^2/2,beamfeat,3,0.99967733711518,0.17776903102640063,1.0,True,True,['(x1 * (x0 * x1))'],
kinetic:m*v^2/2,beamfeat_ridge,3,0.9996918106538539,0.21502549899742007,1.0,True,True,['(x1 * (x0 * x1))'],
kinetic:m*v^2/2,ridge_raw,4,0.8517696523368723,0.0026636329712346196,,,,,
kinetic:m*v^2/2,rf_raw,4,0.9890975008687815,0.3168999389745295,,,,,
kinetic:m*v^2/2,lgbm_raw,4,0.9904515171638231,0.3440227070241235,,,,,
kinetic:m*v^2/2,featuretools,4,0.9941412151309164,0.033626169024500996,18.0,,,,
kinetic:m*v^2/2,openfe,4,0.8845672722063649,1.4571036230190657,1.0,,,,
kinetic:m*v^2/2,beamfeat,4,0.9995744251145271,0.1861418039770797,1.0,True,True,['(x1 * (x0 * x1))'],
kinetic:m*v^2/2,beamfeat_ridge,4,0.9995753009223632,0.2268554059555754,1.0,True,True,['(x1 * (x0 * x1))'],
sparse10:a*b,ridge_raw,0,0.894720146610462,0.002812751044984907,,,,,
sparse10:a*b,rf_raw,0,0.9851967813239859,0.32557885599089786,,,,,
sparse10:a*b,lgbm_raw,0,0.987140703191502,0.38061816501431167,,,,,
sparse10:a*b,featuretools,0,0.9962229672746782,0.7926432890235446,135.0,,,,
sparse10:a*b,openfe,0,0.8958452560208583,2.034681611985434,1.0,,,,
sparse10:a*b,beamfeat,0,0.9975397409462522,0.5153099439921789,1.0,True,True,['(x0 * x1)'],
sparse10:a*b,beamfeat_ridge,0,0.9975410485432733,0.5771672209957615,1.0,True,True,['(x0 * x1)'],
sparse10:a*b,ridge_raw,1,0.909651716424552,0.0036611059913411736,,,,,
sparse10:a*b,rf_raw,1,0.9879982810683952,0.37466731696622446,,,,,
sparse10:a*b,lgbm_raw,1,0.9886783803177676,0.34309191204374656,,,,,
sparse10:a*b,featuretools,1,0.9967816085122106,0.5643957660067827,135.0,,,,
sparse10:a*b,openfe,1,0.9104257843499395,2.0495027430006303,1.0,,,,
sparse10:a*b,beamfeat,1,0.9974796931476356,0.5538023190456443,1.0,True,True,['(x0 * x1)'],
sparse10:a*b,beamfeat_ridge,1,0.997457588675826,0.5744227500399575,1.0,True,True,['(x0 * x1)'],
sparse10:a*b,ridge_raw,2,0.9102221900953532,0.0028497439925558865,,,,,
sparse10:a*b,rf_raw,2,0.9870861414123766,0.33687542099505663,,,,,
sparse10:a*b,lgbm_raw,2,0.9902996671037927,0.3541756820050068,,,,,
sparse10:a*b,featuretools,2,0.9955802241980835,0.21816342102829367,135.0,,,,
sparse10:a*b,openfe,2,0.911022564109638,1.9953078220132738,1.0,,,,
sparse10:a*b,beamfeat,2,0.9973767400924152,0.5013191729667597,1.0,True,True,['(x0 * x1)'],
sparse10:a*b,beamfeat_ridge,2,0.9973869980462134,0.5560678449692205,1.0,True,True,['(x0 * x1)'],
sparse10:a*b,ridge_raw,3,0.8867061962069082,0.0034113499568775296,,,,,
sparse10:a*b,rf_raw,3,0.9872318869611533,0.36930153297726065,,,,,
sparse10:a*b,lgbm_raw,3,0.9903975712863812,0.3595176539965905,,,,,
sparse10:a*b,featuretools,3,0.9956376848018649,0.5635114149772562,135.0,,,,
sparse10:a*b,openfe,3,0.8856857619341497,2.008441695012152,1.0,,,,
sparse10:a*b,beamfeat,3,0.9972988297230073,0.5407900050049648,1.0,True,True,['(x0 * x1)'],
sparse10:a*b,beamfeat_ridge,3,0.9973189142570179,0.6275617260253057,1.0,True,True,['(x0 * x1)'],
sparse10:a*b,ridge_raw,4,0.9022932386556847,0.0034894689451903105,,,,,
sparse10:a*b,rf_raw,4,0.9897962311751162,0.3578216699534096,,,,,
sparse10:a*b,lgbm_raw,4,0.9900360265666799,0.36681101500289515,,,,,
sparse10:a*b,featuretools,4,0.9958597972985446,0.29070453299209476,135.0,,,,
sparse10:a*b,openfe,4,0.9024117125829931,1.9665383890387602,1.0,,,,
sparse10:a*b,beamfeat,4,0.9974568312763624,0.5185371180414222,1.0,True,True,['(x0 * x1)'],
sparse10:a*b,beamfeat_ridge,4,0.99746879605324,0.5340606370009482,1.0,True,True,['(x0 * x1)'],
linear_ctrl,ridge_raw,0,0.999546049310474,0.003503821964841336,,,,,
linear_ctrl,rf_raw,0,0.9778973732297923,0.36046661203727126,,,,,
linear_ctrl,lgbm_raw,0,0.9898177951239395,0.34037722600623965,,,,,
linear_ctrl,featuretools,0,0.9995334583177383,0.03271387901622802,18.0,,,,
linear_ctrl,openfe,0,0.9995455204370459,1.439492588979192,1.0,,,,
linear_ctrl,beamfeat,0,0.9995273162546409,0.2119964369921945,3.0,,True,"['(log(x2) + (x0 - x1))', '((x0 + x2) + (x0 - x1))', '((x0 - x1) - log(x2))']",
linear_ctrl,beamfeat_ridge,0,0.9995426040483879,0.23533609497826546,3.0,,True,"['(log(x2) + (x0 - x1))', '((x0 + x2) + (x0 - x1))', '((x0 - x1) - log(x2))']",
linear_ctrl,ridge_raw,1,0.9996709973779796,0.002946901018731296,,,,,
linear_ctrl,rf_raw,1,0.9726759498732704,0.3601444509695284,,,,,
linear_ctrl,lgbm_raw,1,0.9859521301502931,0.36242925497936085,,,,,
linear_ctrl,featuretools,1,0.9996688334025149,0.035972109995782375,18.0,,,,
linear_ctrl,openfe,1,0.9996647703575241,1.4246545779751614,1.0,,,,
linear_ctrl,beamfeat,1,0.9995846130205173,0.21158968599047512,3.0,,True,"['((x0 + x2) + (x0 - x1))', '(sqrt(x2) + (x0 - x1))', '(x0 + (x0 - x1))']",
linear_ctrl,beamfeat_ridge,1,0.999585777502419,0.23275824799202383,3.0,,True,"['((x0 + x2) + (x0 - x1))', '(sqrt(x2) + (x0 - x1))', '(x0 + (x0 - x1))']",
linear_ctrl,ridge_raw,2,0.9996112997568423,0.0027441730489954352,,,,,
linear_ctrl,rf_raw,2,0.978307106180458,0.28424287697998807,,,,,
linear_ctrl,lgbm_raw,2,0.9857703880288965,0.33149233798030764,,,,,
linear_ctrl,featuretools,2,0.9995964513816895,0.030466982978396118,18.0,,,,
linear_ctrl,openfe,2,0.9996031916570861,1.4714766629622318,1.0,,,,
linear_ctrl,beamfeat,2,0.9995269600617339,0.18808522599283606,3.0,,True,"['((x0 + x2) + (x0 - x1))', '(sqrt(x2) + (x0 - x1))', '(x0 + (x0 - x1))']",
linear_ctrl,beamfeat_ridge,2,0.999543591506943,0.22149392100982368,3.0,,True,"['((x0 + x2) + (x0 - x1))', '(sqrt(x2) + (x0 - x1))', '(x0 + (x0 - x1))']",
linear_ctrl,ridge_raw,3,0.9995044150315988,0.0026986709563061595,,,,,
linear_ctrl,rf_raw,3,0.9722270179663464,0.3121526880422607,,,,,
linear_ctrl,lgbm_raw,3,0.9871557682608825,0.3304437859915197,,,,,
linear_ctrl,featuretools,3,0.9994785131313099,0.02988266502507031,18.0,,,,
linear_ctrl,openfe,3,0.9995038414245121,1.3629667930072173,1.0,,,,
linear_ctrl,beamfeat,3,0.9990377676277473,0.1868499660049565,2.0,,True,"['(sqrt(x2) + (x0 - x1))', '((x0 + x2) + x0)']",
linear_ctrl,beamfeat_ridge,3,0.9990430735439446,0.23541368095902726,2.0,,True,"['(sqrt(x2) + (x0 - x1))', '((x0 + x2) + x0)']",
linear_ctrl,ridge_raw,4,0.9996601454836684,0.0029184669838286936,,,,,
linear_ctrl,rf_raw,4,0.977496945717271,0.29531802103156224,,,,,
linear_ctrl,lgbm_raw,4,0.9908245297067957,0.3351810699678026,,,,,
linear_ctrl,featuretools,4,0.999641625929703,0.03307309601223096,18.0,,,,
linear_ctrl,openfe,4,0.9996604407765649,1.399499575025402,1.0,,,,
linear_ctrl,beamfeat,4,0.9995816314660161,0.181493993033655,3.0,,True,"['(sqrt(x2) + (x0 - x1))', '((x0 + x2) + (x0 - x1))', '(x0 + (x0 - x1))']",
linear_ctrl,beamfeat_ridge,4,0.9995889644076813,0.21446245396509767,3.0,,True,"['(sqrt(x2) + (x0 - x1))', '((x0 + x2) + (x0 - x1))', '(x0 + (x0 - x1))']",
friedman1,ridge_raw,0,0.7136853174629647,0.003836699004750699,,,,,
friedman1,rf_raw,0,0.8096603866348198,0.3083626360166818,,,,,
friedman1,lgbm_raw,0,0.8881880780205056,0.5423494619899429,,,,,
friedman1,featuretools,0,0.4276324699180769,0.2140931769972667,135.0,,,,
friedman1,openfe,0,0.7789546099609267,4.128741912019905,20.0,,,,
friedman1,beamfeat,0,0.7260822529944927,0.6197699320036918,13.0,,True,"['((x0 + x4) + (x1 + x3))', '((x0 + x3) + (x1 * x4))', '((x0 + x3) + (x1 + x3))', '((x3 + x4) + (x0 * x1))', '((x0 * x3) + (x1 * x4))', 'sqrt((x1 + x3))', '((x0 + x4) * (x1 * x3))', '((x3 + x4) + log(x1))', '((x0 + x3) + (x1 * x7))', '((x0 + x3) + sqrt(x3))', '((x1 + x4) + log(x3))', '((x3 + x4) + (x1 * x5))', '((x0 + x1) * (x3 * x4))']",
friedman1,beamfeat_ridge,0,0.7264143742887479,0.6486525330110453,13.0,,True,"['((x0 + x4) + (x1 + x3))', '((x0 + x3) + (x1 * x4))', '((x0 + x3) + (x1 + x3))', '((x3 + x4) + (x0 * x1))', '((x0 * x3) + (x1 * x4))', 'sqrt((x1 + x3))', '((x0 + x4) * (x1 * x3))', '((x3 + x4) + log(x1))', '((x0 + x3) + (x1 * x7))', '((x0 + x3) + sqrt(x3))', '((x1 + x4) + log(x3))', '((x3 + x4) + (x1 * x5))', '((x0 + x1) * (x3 * x4))']",
friedman1,ridge_raw,1,0.6919188496912843,0.00312412396306172,,,,,
friedman1,rf_raw,1,0.8218365338408311,0.3347330110264011,,,,,
friedman1,lgbm_raw,1,0.8951354478175513,0.54515853500925,,,,,
friedman1,featuretools,1,0.6319891606645514,0.7468273530248553,135.0,,,,
friedman1,openfe,1,0.7977644512455283,3.9398979929974303,20.0,,,,
friedman1,beamfeat,1,0.7203649970023116,0.6914489300106652,14.0,,True,"['((x1 + x3) + (x0 * x4))', '((x0 + x3) + (x1 * x4))', '((x1 + x3) + (x3 + x4))', 'sqrt((x1 + x3))', '((x1 * x4) + (x3)^2)', '((x0 + x3) + (x1 * x7))', '((x1 + x3) + (x3 * x5))', 'log((x1 * x3))', '((x0 + x3) + log(x1))', 'sqrt((x1 * x3))', '((x0 + x3) + (x1 * x2))', '((x0 + x3) + x4)', '((x0 + x1) + log(x3))', '((x3 + x4) + (x1 * x9))']",
friedman1,beamfeat_ridge,1,0.7267035207210414,0.7094415220199153,14.0,,True,"['((x1 + x3) + (x0 * x4))', '((x0 + x3) + (x1 * x4))', '((x1 + x3) + (x3 + x4))', 'sqrt((x1 + x3))', '((x1 * x4) + (x3)^2)', '((x0 + x3) + (x1 * x7))', '((x1 + x3) + (x3 * x5))', 'log((x1 * x3))', '((x0 + x3) + log(x1))', 'sqrt((x1 * x3))', '((x0 + x3) + (x1 * x2))', '((x0 + x3) + x4)', '((x0 + x1) + log(x3))', '((x3 + x4) + (x1 * x9))']",
friedman1,ridge_raw,2,0.7591797754272003,0.004027860006317496,,,,,
friedman1,rf_raw,2,0.8049124533010703,0.3264874209999107,,,,,
friedman1,lgbm_raw,2,0.9019799573483018,0.5462654909933917,,,,,
friedman1,featuretools,2,-12.881996171398844,0.1953463609679602,135.0,,,,
friedman1,openfe,2,0.8382428541302175,3.914583239995409,20.0,,,,
friedman1,beamfeat,2,0.791031533601334,0.6904054079786874,13.0,,True,"['((x0 + x4) + (x1 + x3))', '((x3 + x4) + (x0 * x1))', '((x1 + x3) + sqrt(x0))', '((x0 + x3) + (x1 * x4))', '((x1 + x3) + (x3 + x4))', '((x1 + x3) + (x0 * x3))', '((x1 + x3) * sqrt(x0))', '((x0 + x3) + (x3 + x4))', '((x0 * x1) + (x3)^2)', '((x3 + x4) + sqrt(x0))', '(x3 + sqrt(x1))', '((x0 * x4) + (x3)^2)', '((x3 + x4) * sqrt(x0))']",
friedman1,beamfeat_ridge,2,0.788821468330165,0.6935810029972345,13.0,,True,"['((x0 + x4) + (x1 + x3))', '((x3 + x4) + (x0 * x1))', '((x1 + x3) + sqrt(x0))', '((x0 + x3) + (x1 * x4))', '((x1 + x3) + (x3 + x4))', '((x1 + x3) + (x0 * x3))', '((x1 + x3) * sqrt(x0))', '((x0 + x3) + (x3 + x4))', '((x0 * x1) + (x3)^2)', '((x3 + x4) + sqrt(x0))', '(x3 + sqrt(x1))', '((x0 * x4) + (x3)^2)', '((x3 + x4) * sqrt(x0))']",
friedman1,ridge_raw,3,0.6861755881112186,0.004220855014864355,,,,,
friedman1,rf_raw,3,0.8352178617229895,0.3514947419753298,,,,,
friedman1,lgbm_raw,3,0.909970967406548,0.5338270890060812,,,,,
friedman1,featuretools,3,0.4507944433048562,0.1970496239955537,135.0,,,,
friedman1,openfe,3,0.8024425399471904,3.7372065850067884,20.0,,,,
friedman1,beamfeat,3,0.7370542259573313,0.6696838840143755,14.0,,True,"['((x1 + x3) + (x0 * x4))', '((x0 + x4) + (x1 + x3))', '((x0 + x3) + (x1 * x4))', '((x3 + x4) + (x0 * x1))', '((x0 + x3) + (x3 + x4))', '((x1 * x4) + sqrt(x3))', '((x3 + x4) + sqrt(x1))', '((x0 + x3) + (x1 - x2))', '((x1 + x3) + (x1 * x4))', '((x1 + x3) + (x3 * x7))', '(sqrt(x0) + sqrt(x3))', '((x0 + x1) + log(x3))', '((x1 + x3) + (x3 * x5))', '((x0 + x3) + (x1 - x9))']",
friedman1,beamfeat_ridge,3,0.7321277295710122,0.695104336948134,14.0,,True,"['((x1 + x3) + (x0 * x4))', '((x0 + x4) + (x1 + x3))', '((x0 + x3) + (x1 * x4))', '((x3 + x4) + (x0 * x1))', '((x0 + x3) + (x3 + x4))', '((x1 * x4) + sqrt(x3))', '((x3 + x4) + sqrt(x1))', '((x0 + x3) + (x1 - x2))', '((x1 + x3) + (x1 * x4))', '((x1 + x3) + (x3 * x7))', '(sqrt(x0) + sqrt(x3))', '((x0 + x1) + log(x3))', '((x1 + x3) + (x3 * x5))', '((x0 + x3) + (x1 - x9))']",
friedman1,ridge_raw,4,0.7072938920779797,0.003952861996367574,,,,,
friedman1,rf_raw,4,0.8087998691857272,0.30299905099673197,,,,,
friedman1,lgbm_raw,4,0.9018513609323733,0.5363295209826902,,,,,
friedman1,featuretools,4,0.7135029261561223,0.5439883000217378,135.0,,,,
friedman1,openfe,4,0.76422569753791,3.8573067410034128,20.0,,,,
friedman1,beamfeat,4,0.7530402817568005,0.6668302869657055,19.0,,True,"['((x1 + x3) + (x0 * x4))', '(x3 + (x0 * x1))', '((x0 * x3) + (x1 * x4))', '((x0 + x3) + (x1 * x3))', '((x1 + x4) + (x0 * x3))', '(x3 + sqrt(x0))', 'sqrt((x1 + x3))', '((x0 + x4) * (x1 * x3))', '((x1 + x3) + x3)', '((x0 + x3) + (x1 - x9))', '((x1 + x3) + (x0 - x5))', '((x0 * x4) + sqrt(x3))', '((x1 * x3) * sqrt(x0))', '((x0 + x1) + log(x3))', '((x1 + x3) + (x3 * x5))', '((x0 + x1) + (x0 * x3))', '((x0 + x3) + log(x1))', 'sqrt((x1 * x3))', '((x0 + x3) + (x0 * x4))']",
friedman1,beamfeat_ridge,4,0.758406838568589,0.7852651320281439,19.0,,True,"['((x1 + x3) + (x0 * x4))', '(x3 + (x0 * x1))', '((x0 * x3) + (x1 * x4))', '((x0 + x3) + (x1 * x3))', '((x1 + x4) + (x0 * x3))', '(x3 + sqrt(x0))', 'sqrt((x1 + x3))', '((x0 + x4) * (x1 * x3))', '((x1 + x3) + x3)', '((x0 + x3) + (x1 - x9))', '((x1 + x3) + (x0 - x5))', '((x0 * x4) + sqrt(x3))', '((x1 * x3) * sqrt(x0))', '((x0 + x1) + log(x3))', '((x1 + x3) + (x3 * x5))', '((x0 + x1) + (x0 * x3))', '((x0 + x3) + log(x1))', 'sqrt((x1 * x3))', '((x0 + x3) + (x0 * x4))']",
